{"cameraMode":{"drawMode":0,"name":"Shaded","section":"Shading Mode"},"sceneLighting":true,"audioPlay":false,"sceneViewState":{"m_AlwaysRefresh":false,"showFog":true,"showSkybox":true,"showFlares":true,"showImageEffects":true,"showParticleSystems":true,"showVisualEffectGraphs":true,"m_FxEnabled":true},"in2DMode":false,"pivot":{"x":-37.00299835205078,"y":-24.278186798095704,"z":37.235599517822269},"rotation":{"x":0.22130726277828217,"y":-0.32462185621261599,"z":0.07840841263532639,"w":0.9162343144416809},"size":75.56193542480469,"orthographic":false}